<?xml version="1.0" encoding="UTF-8" standalone="yes"?>
<addon id="plugin.program.kodiskinewVIP" name="kodsikinewVIP" version="0.0.9" provider-name="kodiskinewVIP">
    <requires>
        <import addon="xbmc.python" version="3.0.0" />
        <import addon="script.module.requests" optional="true" />
        <import addon="script.module.six" optional="true" />
        <import addon="script.kodi.android.update" optional="true" version="1.1.7" />
    </requires>
    
    <extension point="xbmc.python.pluginsource" library="default.py">
        <provides>executable</provides>
    </extension>
    
    <extension point="xbmc.service" library="startup.py" start="startup" />
    
    <extension point="xbmc.addon.metadata">
        <summary lang="en">kodiskinewVIP</summary>
        <description lang="en">הקתנת ויזארד 20</description>
        <platform>all</platform>
        <reuselanguageinvoker>false</reuselanguageinvoker>
        <source></source>
        <news>
2.0.0
 - Kodi 19 ready
 -kodi 20 ready
 - Initial Commit
        </news>
        <assets>
            <icon>icon.png</icon>
            <fanart>fanart.jpg</fanart>
        </assets>
    </extension>
</addon>
