<?xml version="1.0" encoding="UTF-8" standalone="yes"?>
<addon id="repository.kodiskinewVIP" name="[COLOR blue]kodiskinewVIP Repository[/COLOR]" version="5.8" provider-name="KodiskinewVIP">
	<extension point="xbmc.addon.repository" name="kodiskinewVIP">
		<dir>
			<info compressed="false">https://raw.githubusercontent.com/kodiskinewVIP/repo/tree/main/addons.xml</info>
			<checksum>https://raw.githubusercontent.com/kodiskinewVIP/repo/main/addons.xml.md5</checksum>
			<datadir zip="true">https://raw.githubusercontent.com/kodiskinewVIP/repo/tree/main/zip</datadir>
		</dir>
	</extension>
	<extension point="xbmc.addon.metadata">
		<assets>
			<icon>icon.png</icon>
			<fanart>icon.png</fanart>
		</assets>
		<summary>kodiskinewVIP repo</summary>
		<description>kodiskinewVIP repo</description>
		<platform>all</platform>
	</extension>
</addon>

